SNR,UncodedBer,Capacity,ShannonCapacity
2,0.037506128358926,0.769261353160926,1.37010466975099
2.01,0.0373387275906129,0.77004561386514,1.37214237319639
2.02,0.0371717458821332,0.77082903183455,1.37418189004263
2.03,0.0370051835889019,0.771611601786525,1.3762232193383
2.04,0.0368390410616062,0.772393318442899,1.37826636012796
2.05,0.0366733186461919,0.773174176530103,1.3803113114521
2.06,0.03650801668385,0.773954170779297,1.38235807234722
2.07,0.036343135511002,0.774733295926505,1.38440664184575
2.08,0.0361786754592865,0.775511546712751,1.38645701897613
2.09,0.0360146368555462,0.77628891788419,1.38850920276279
2.1,0.0358510200218135,0.777065404192246,1.39056319222617
2.11,0.0356878252752976,0.777841000393747,1.39261898638272
2.12,0.035525052928371,0.778615701251056,1.39467658424489
2.13,0.0353627032885568,0.779389501532214,1.39673598482121
2.14,0.0352007766585147,0.780162396011071,1.39879718711621
2.15,0.0350392733360289,0.780934379467425,1.40086019013049
2.16,0.0348781936139944,0.781705446687159,1.40292499286071
2.17,0.0347175377804052,0.782475592462376,1.4049915942996
2.18,0.0345573061183408,0.78324481159154,1.40705999343598
2.19,0.0343974989059541,0.784013098879611,1.40913018925474
2.2,0.0342381164164586,0.784780449138185,1.4112021807369
2.21,0.0340791589181163,0.785546857185632,1.41327596685956
2.22,0.0339206266742257,0.786312317847234,1.41535154659595
2.23,0.033762519943109,0.787076825955325,1.41742891891546
2.24,0.033604838978101,0.787840376349431,1.41950808278357
2.25,0.0334475840275362,0.78860296387641,1.42158903716194
2.26,0.0332907553347381,0.789364583390587,1.42367178100839
2.27,0.0331343531380068,0.790125229753903,1.4257563132769
2.28,0.0329783776706077,0.790884897836049,1.42784263291764
2.29,0.03282282916076,0.791643582514608,1.42993073887697
2.3,0.0326677078316256,0.792401278675197,1.43202063009743
2.31,0.0325130139012978,0.793157981211609,1.4341123055178
2.32,0.03235874758279,0.793913685025955,1.43620576407305
2.33,0.0322049090840254,0.794668385028802,1.43830100469441
2.34,0.0320514986078256,0.795422076139318,1.44039802630934
2.35,0.0318985163519,0.796174753285417,1.44249682784153
2.36,0.0317459625088355,0.796926411403895,1.44459740821097
2.37,0.0315938372660861,0.797677045440579,1.44669976633388
2.38,0.0314421408059619,0.798426650350467,1.4488039011228
2.39,0.0312908733056197,0.79917522109787,1.45090981148654
2.4,0.0311400349370529,0.799922752656561,1.45301749633021
2.41,0.0309896258670808,0.800669240009912,1.45512695455524
2.42,0.0308396462573398,0.801414678151041,1.45723818505939
2.43,0.0306900962642732,0.802159062082956,1.45935118673674
2.44,0.0305409760391214,0.802902386818701,1.46146595847772
2.45,0.0303922857279133,0.803644647381496,1.46358249916912
2.46,0.0302440254714562,0.804385838804887,1.46570080769408
2.47,0.0300961954053273,0.805125956132884,1.46782088293213
2.48,0.0299487956598642,0.805864994420114,1.46994272375918
2.49,0.0298018263601565,0.806602948731961,1.47206632904754
2.5,0.0296552876260369,0.80733981414471,1.47419169766592
2.51,0.0295091795720721,0.808075585745699,1.47631882847946
2.52,0.0293635023075556,0.808810258633456,1.4784477203497
2.53,0.0292182559364977,0.809543827917853,1.48057837213466
2.54,0.0290734405576192,0.810276288720245,1.48271078268877
2.55,0.0289290562643416,0.811007636173622,1.48484495086296
2.56,0.0287851031447806,0.811737865422748,1.48698087550459
2.57,0.0286415812817373,0.812466971624316,1.48911855545754
2.58,0.0284984907526916,0.813194949947086,1.49125798956214
2.59,0.028355831629794,0.813921795572036,1.49339917665527
2.6,0.0282136039798587,0.814647503692507,1.49554211557029
2.61,0.0280718078643559,0.815372069514353,1.4976868051371
2.62,0.0279304433394056,0.816095488256081,1.49983324418212
2.63,0.0277895104557702,0.816817755149004,1.50198143152834
2.64,0.0276490092588476,0.817538865437384,1.5041313659953
2.65,0.0275089397886654,0.818258814378581,1.5062830463991
2.66,0.0273693020798738,0.818977597243199,1.50843647155241
2.67,0.0272300961617393,0.819695209315233,1.51059164026452
2.68,0.0270913220581392,0.820411645892217,1.5127485513413
2.69,0.0269529797875554,0.821126902285369,1.51490720358524
2.7,0.0268150693630679,0.821840973819741,1.51706759579544
2.71,0.0266775907923501,0.822553855834364,1.51922972676766
2.72,0.0265405440776632,0.823265543682394,1.52139359529427
2.73,0.02640392921585,0.823976032731263,1.52355920016433
2.74,0.0262677461983309,0.824685318362821,1.52572654016355
2.75,0.0261319950110978,0.825393395973492,1.52789561407432
2.76,0.0259966756347101,0.826100260974409,1.53006642067572
2.77,0.0258617880442895,0.826805908791569,1.53223895874353
2.78,0.0257273322095155,0.82751033486598,1.53441322705025
2.79,0.0255933080946211,0.828213534653806,1.5365892243651
2.8,0.0254597156583889,0.828915503626512,1.53876694945402
2.81,0.0253265548541463,0.829616237271017,1.54094640107971
2.82,0.0251938256297622,0.830315731089833,1.54312757800163
2.83,0.0250615279276432,0.831013980601221,1.54531047897598
2.84,0.0249296616847295,0.83171098133933,1.54749510275579
2.85,0.0247982268324926,0.832406728854346,1.54968144809082
2.86,0.0246672232969307,0.83310121871264,1.55186951372768
2.87,0.0245366509985667,0.833794446496915,1.55405929840977
2.88,0.0244065098524449,0.834486407806348,1.55625080087732
2.89,0.0242767997681279,0.835177098256743,1.55844401986739
2.9,0.0241475206496949,0.835866513480669,1.5606389541139
2.91,0.0240186723957386,0.836554649127615,1.56283560234761
2.92,0.0238902548993631,0.837241500864128,1.56503396329616
2.93,0.023762268048182,0.837927064373966,1.56723403568407
2.94,0.0236347117243164,0.838611335358236,1.56943581823276
2.95,0.0235075858043932,0.839294309535546,1.57163930966053
2.96,0.0233808901595437,0.839975982642145,1.57384450868263
2.97,0.023254624655402,0.840656350432076,1.57605141401121
2.98,0.0231287891521039,0.84133540867731,1.57826002435537
2.99,0.0230033835042863,0.842013153167899,1.58047033842115
3,0.0228784075610853,0.842689579712121,1.58268235491156
3.01,0.0227538611661369,0.843364684136615,1.58489607252657
3.02,0.0226297441575751,0.844038462286539,1.58711148996316
3.03,0.0225060563680329,0.844710910025703,1.58932860591529
3.04,0.0223827976246413,0.845382023236715,1.59154741907391
3.05,0.0222599677490298,0.846051797821129,1.59376792812702
3.06,0.022137566557326,0.846720229699585,1.59599013175962
3.07,0.0220155938601569,0.847387314811951,1.59821402865378
3.08,0.0218940494626487,0.848053049117467,1.60043961748861
3.09,0.0217729331644282,0.848717428594888,1.60266689694029
3.1,0.0216522447596231,0.849380449242626,1.60489586568206
3.11,0.0215319840368635,0.850042107078891,1.60712652238427
3.12,0.0214121507792834,0.850702398141833,1.60935886571435
3.13,0.0212927447645217,0.851361318489686,1.61159289433686
3.14,0.0211737657647242,0.852018864200902,1.61382860691348
3.15,0.0210552135465455,0.852675031374301,1.61606600210301
3.16,0.0209370878711507,0.853329816129204,1.61830507856142
3.17,0.0208193884942178,0.853983214605577,1.62054583494181
3.18,0.0207021151659406,0.854635222964168,1.62278826989446
3.19,0.0205852676310305,0.855285837386649,1.62503238206686
3.2,0.0204688456287195,0.855935054075756,1.62727817010365
3.21,0.0203528488927639,0.856582869255419,1.6295256326467
3.22,0.0202372771514463,0.857229279170912,1.63177476833508
3.23,0.0201221301275796,0.857874280088987,1.63402557580512
3.24,0.0200074075385107,0.858517868298003,1.63627805369036
3.25,0.019893109096124,0.859160040108077,1.63853220062159
3.26,0.0197792345068448,0.85980079185121,1.64078801522689
3.27,0.0196657834716445,0.860440119881428,1.6430454961316
3.28,0.019552755686044,0.861078020574917,1.64530464195834
3.29,0.0194401508401182,0.861714490330158,1.64756545132703
3.3,0.0193279686185013,0.862349525568062,1.64982792285492
3.31,0.0192162087003912,0.862983122732104,1.65209205515657
3.32,0.0191048707595545,0.863615278288458,1.65435784684387
3.33,0.0189939544643321,0.86424598872613,1.65662529652606
3.34,0.0188834594776442,0.864875250557092,1.65889440280974
3.35,0.0187733854569964,0.865503060316411,1.66116516429887
3.36,0.0186637320544849,0.866129414562387,1.66343757959481
3.37,0.0185544989168032,0.86675430987668,1.6657116472963
3.38,0.018445685685248,0.86737774286444,1.66798736599948
3.39,0.0183372919957251,0.867999710154444,1.67026473429793
3.4,0.0182293174787571,0.868620208399219,1.67254375078264
3.41,0.0181217617594893,0.869239234275174,1.67482441404204
3.42,0.018014624457697,0.869856784482729,1.67710672266202
3.43,0.0179079051877923,0.870472855746446,1.67939067522593
3.44,0.0178016035588323,0.871087444815151,1.68167627031461
3.45,0.0176957191745257,0.871700548462066,1.68396350650637
3.46,0.0175902516332416,0.872312163484932,1.68625238237702
3.47,0.0174852005280161,0.872922286706139,1.6885428964999
3.48,0.0173805654465616,0.873530914972849,1.69083504744586
3.49,0.0172763459712751,0.874138045157118,1.69312883378329
3.5,0.017172541679246,0.874743674156025,1.69542425407813
3.51,0.0170691521422652,0.875347798891794,1.69772130689387
3.52,0.0169661769268343,0.875950416311916,1.70001999079158
3.53,0.0168636155941744,0.876551523389271,1.70232030432991
3.54,0.0167614677002356,0.877151117122249,1.70462224606512
3.55,0.0166597327957064,0.877749194534874,1.70692581455105
3.56,0.0165584104260236,0.87834575267692,1.70923100833917
3.57,0.0164575001313818,0.878940788624034,1.7115378259786
3.58,0.0163570014467442,0.879534299477853,1.71384626601608
3.59,0.0162569139018524,0.880126282366121,1.716156326996
3.6,0.0161572370212367,0.880716734442808,1.71846800746045
3.61,0.0160579703242277,0.881305652888229,1.72078130594917
3.62,0.0159591133249661,0.881893034909153,1.72309622099959
3.63,0.0158606655324146,0.882478877738927,1.72541275114685
3.64,0.015762626450369,0.883063178637581,1.72773089492382
3.65,0.0156649955774694,0.883645934891949,1.73005065086108
3.66,0.0155677724072121,0.884227143815779,1.73237201748694
3.67,0.0154709564279617,0.884806802749846,1.73469499332747
3.68,0.0153745471229628,0.885384909062061,1.73701957690651
3.69,0.0152785439703527,0.885961460147583,1.73934576674566
3.7,0.0151829464431732,0.88653645342893,1.74167356136432
3.71,0.0150877540093839,0.887109886356088,1.74400295927967
3.72,0.0149929661318751,0.887681756406613,1.74633395900672
3.73,0.0148985822684802,0.888252061085748,1.74866655905829
3.74,0.0148046018719897,0.888820797926521,1.75100075794504
3.75,0.0147110243901644,0.889387964489855,1.75333655417546
3.76,0.0146178492657487,0.88995355836467,1.75567394625591
3.77,0.014525075936485,0.890517577167991,1.75801293269063
3.78,0.0144327038351274,0.891080018545045,1.76035351198172
3.79,0.0143407323894561,0.891640880169368,1.76269568262919
3.8,0.0142491610222917,0.892200159742903,1.76503944313094
3.81,0.0141579891515099,0.892757854996102,1.7673847919828
3.82,0.0140672161900566,0.893313963688024,1.76973172767853
3.83,0.0139768415459622,0.893868483606434,1.77208024870981
3.84,0.0138868646223578,0.894421412567901,1.7744303535663
3.85,0.0137972848174894,0.894972748417895,1.77678204073561
3.86,0.0137081015247351,0.895522489030877,1.77913530870334
3.87,0.0136193141326191,0.896070632310404,1.78149015595304
3.88,0.0135309220248291,0.89661717618921,1.78384658096632
3.89,0.0134429245802318,0.897162118629311,1.78620458222275
3.9,0.0133553211728893,0.897705457622087,1.78856415819995
3.91,0.0132681111720763,0.898247191188378,1.79092530737357
3.92,0.0131812939422957,0.898787317378571,1.79328802821731
3.93,0.0130948688432967,0.899325834272691,1.79565231920293
3.94,0.0130088352300912,0.899862739980486,1.79801817880027
3.95,0.0129231924529717,0.900398032641514,1.80038560547722
3.96,0.0128379398575281,0.900931710425233,1.8027545976998
3.97,0.0127530767846662,0.901463771531077,1.80512515393213
3.98,0.0126686025706251,0.901994214188547,1.80749727263644
3.99,0.0125845165469954,0.902523036657289,1.80987095227311
4,0.0125008180407375,0.90305023722718,1.81224619130063
4.01,0.0124175063742004,0.9035758142184,1.81462298817567
4.02,0.0123345808651396,0.904099765981519,1.81700134135306
4.03,0.0122520408267366,0.904622090897573,1.81938124928581
4.04,0.0121698855676179,0.905142787378138,1.82176271042511
4.05,0.0120881143918737,0.905661853865407,1.82414572322038
4.06,0.012006726599078,0.906179288832269,1.82653028611921
4.07,0.0119257214843075,0.906695090782376,1.82891639756746
4.08,0.0118450983381621,0.907209258250218,1.83130405600919
4.09,0.011764856446784,0.907721789801196,1.83369325988673
4.1,0.0116849950918788,0.908232684031691,1.83608400764066
4.11,0.011605513550735,0.908741939569131,1.83847629770986
4.12,0.0115264110962451,0.909249555072061,1.84087012853145
4.13,0.0114476869969258,0.909755529230208,1.84326549854088
4.14,0.0113693405169391,0.91025986076455,1.84566240617189
4.15,0.0112913709161137,0.910762548427372,1.84806084985656
4.16,0.0112137774499653,0.911263591002341,1.85046082802527
4.17,0.0111365593697191,0.911762987304556,1.85286233910677
4.18,0.0110597159223308,0.912260736180615,1.85526538152816
4.19,0.0109832463505081,0.912756836508674,1.85766995371489
4.2,0.0109071498927332,0.913251287198503,1.8600760540908
4.21,0.0108314257832848,0.913744087191544,1.86248368107813
4.22,0.0107560732522599,0.914235235460966,1.86489283309751
4.23,0.010681091525597,0.914724731011722,1.86730350856798
4.24,0.0106064798250982,0.915212572880597,1.86971570590701
4.25,0.0105322373684522,0.915698760136264,1.8721294235305
4.26,0.0104583633692573,0.916183291879333,1.87454465985281
4.27,0.0103848570370445,0.916666167242399,1.87696141328675
4.28,0.0103117175773006,0.917147385390094,1.87937968224361
4.29,0.0102389441914925,0.917626945519128,1.88179946513316
4.3,0.0101665360770896,0.918104846858339,1.88422076036365
4.31,0.0100944924275889,0.918581088668734,1.88664356634186
4.32,0.0100228124325379,0.919055670243535,1.88906788147307
4.33,0.00995149527755967,0.919528590908216,1.89149370416109
4.34,0.00988054014437667,0.919999850020544,1.8939210328083
4.35,0.00980994621083497,0.920469446970625,1.89634986581558
4.36,0.00973971265092999,0.920937381180927,1.89878020158242
4.37,0.00966983863482973,0.921403652106332,1.90121203850686
4.38,0.00960032332890137,0.921868259234156,1.90364537498555
4.39,0.00953116589573522,0.922331202084193,1.9060802094137
4.4,0.00946236549417045,0.922792480208742,1.90851654018518
4.41,0.00939392127932059,0.92325209319264,1.91095436569244
4.42,0.00932583240259899,0.923710040653287,1.91339368432658
4.43,0.00925809801174482,0.924166322240676,1.91583449447735
4.44,0.00919071725084852,0.924620937637422,1.91827679453314
4.45,0.00912368926037854,0.925073886558782,1.92072058288103
4.46,0.00905701317720675,0.925525168752683,1.92316585790675
4.47,0.00899068813463566,0.925974783999739,1.92561261799474
4.48,0.00892471326242428,0.926422732113278,1.92806086152814
4.49,0.00885908768681509,0.926869012939354,1.9305105868888
4.5,0.00879381053056083,0.927313626356772,1.9329617924573
4.51,0.00872888091295143,0.9277565722771,1.93541447661294
4.52,0.00866429794984125,0.928197850644682,1.93786863773378
4.53,0.00860006075367592,0.928637461436659,1.94032427419663
4.54,0.00853616843352034,0.929075404662972,1.94278138437709
4.55,0.00847262009508587,0.929511680366379,1.94523996664952
4.56,0.00840941484075797,0.929946288622461,1.94770001938707
4.57,0.00834655176962407,0.930379229539631,1.95016154096171
4.58,0.00828402997750177,0.930810503259138,1.95262452974422
4.59,0.00822184855696639,0.931240109955076,1.9550889841042
4.6,0.00816000659737992,0.931668049834381,1.95755490241009
4.61,0.00809850318491878,0.932094323136838,1.96002228302919
4.62,0.00803733740260248,0.932518930135079,1.96249112432763
4.63,0.00797650833032248,0.93294187113458,1.96496142467044
4.64,0.00791601504487072,0.933363146473663,1.96743318242153
4.65,0.00785585661996857,0.933782756523485,1.96990639594369
4.66,0.00779603212629576,0.934200701688039,1.97238106359861
4.67,0.00773654063151952,0.934616982404142,1.97485718374692
4.68,0.00767738120032413,0.935031599141426,1.97733475474817
4.69,0.00761855289444002,0.935444552402332,1.97981377496082
4.7,0.0075600547726733,0.935855842722093,1.98229424274231
4.71,0.00750188589093537,0.936265470668723,1.98477615644904
4.72,0.00744404530227294,0.936673436843001,1.98725951443635
4.73,0.00738653205689754,0.937079741878458,1.9897443150586
4.74,0.00732934520221562,0.937484386441354,1.99223055666912
4.75,0.00727248378285894,0.937887371230657,1.99471823762026
4.76,0.00721594684071414,0.938288696978033,1.99720735626337
4.77,0.0071597334149538,0.938688364447808,1.99969791094883
4.78,0.0071038425420662,0.939086374436956,2.00218990002606
4.79,0.00704827325588642,0.939482727775065,2.00468332184353
4.8,0.00699302458762663,0.939877425324316,2.00717817474877
4.81,0.00693809556590685,0.940270467979449,2.00967445708837
4.82,0.00688348521678595,0.940661856667737,2.01217216720802
4.83,0.00682919256379266,0.941051592348947,2.01467130345248
4.84,0.00677521662795655,0.941439676015315,2.01717186416562
4.85,0.00672155642783878,0.941826108691505,2.01967384769043
4.86,0.00666821097956416,0.942210891434574,2.02217725236903
4.87,0.00661517929685185,0.942594025333934,2.02468207654266
4.88,0.00656246039104702,0.94297551151131,2.0271883185517
4.89,0.0065100532711525,0.9433553511207,2.02969597673571
4.9,0.00645795694386009,0.943733545348335,2.03220504943341
4.91,0.0064061704135826,0.944110095412629,2.03471553498268
4.92,0.00635469268248567,0.944485002564132,2.03722743172061
4.93,0.00630352275051915,0.944858268085492,2.0397407379835
4.94,0.00625265961544974,0.945229893291393,2.04225545210682
4.95,0.00620210227289253,0.945599879528513,2.04477157242529
4.96,0.00615184971634342,0.945968228175466,2.04728909727286
4.97,0.00610190093721141,0.946334940642752,2.04980802498272
4.98,0.00605225492485051,0.946700018372697,2.05232835388732
4.99,0.00600291066659231,0.947063462839401,2.05485008231835
5,0.00595386714777868,0.947425275548673,2.0573732086068
5.01,0.00590512335179383,0.947785458037974,2.05989773108292
5.02,0.00585667826009706,0.948144011876359,2.06242364807629
5.03,0.00580853085225574,0.948500938664401,2.06495095791577
5.04,0.00576068010597752,0.948856240034138,2.06747965892954
5.05,0.00571312499714316,0.949209917649004,2.07000974944511
5.06,0.00566586449984008,0.949561973203752,2.07254122778932
5.07,0.00561889758639411,0.949912408424395,2.07507409228838
5.08,0.00557222322740347,0.950261225068127,2.07760834126783
5.09,0.00552584039177118,0.950608424923255,2.08014397305259
5.1,0.00547974804673856,0.950954009809119,2.08268098596697
5.11,0.00543394515791795,0.95129798157602,2.08521937833465
5.12,0.00538843068932626,0.951640342105138,2.08775914847874
5.13,0.00534320360341778,0.951981093308459,2.09030029472171
5.14,0.00529826286111801,0.952320237128686,2.0928428153855
5.15,0.00525360742185654,0.95265777553916,2.09538670879146
5.16,0.00520923624360059,0.95299371054378,2.09793197326038
5.17,0.00516514828288839,0.953328044176909,2.1004786071125
5.18,0.00512134249486262,0.953660778503293,2.10302660866753
5.19,0.00507781783330408,0.953991915617968,2.10557597624465
5.2,0.00503457325066492,0.954321457646173,2.10812670816251
5.21,0.00499160769810236,0.954649406743257,2.11067880273926
5.22,0.00494892012551251,0.954975765094581,2.11323225829257
5.23,0.00490650948156335,0.955300534915431,2.11578707313958
5.24,0.00486437471372925,0.955623718450913,2.118343245597
5.25,0.00482251476832385,0.955945317975862,2.12090077398104
5.26,0.00478092859053447,0.956265335794736,2.12345965660747
5.27,0.0047396151244552,0.956583774241519,2.12601989179161
5.28,0.00469857331312107,0.956900635679616,2.12858147784832
5.29,0.00465780209854172,0.957215922501749,2.13114441309207
5.3,0.00461730042173525,0.957529637129852,2.13370869583689
5.31,0.00457706722276174,0.957841782014961,2.13627432439641
5.32,0.00453710144075758,0.958152359637107,2.13884129708385
5.33,0.00449740201396864,0.958461372505208,2.14140961221207
5.34,0.00445796787978481,0.95876882315695,2.14397926809352
5.35,0.00441879797477318,0.959074714158681,2.1465502630403
5.36,0.0043798912347125,0.959379048105289,2.14912259536416
5.37,0.00434124659462665,0.959681827620092,2.15169626337649
5.38,0.00430286298881832,0.959983055354716,2.15427126538833
5.39,0.00426473935090355,0.960282733988976,2.15684759971043
5.4,0.00422687461384497,0.960580866230756,2.15942526465318
5.41,0.00418926770998584,0.960877454815885,2.16200425852669
5.42,0.0041519175710838,0.961172502508014,2.16458457964075
5.43,0.00411482312834499,0.961466012098492,2.16716622630487
5.44,0.00407798331245746,0.961757986406235,2.16974919682829
5.45,0.0040413970536255,0.962048428277602,2.17233348951997
5.46,0.00400506328160266,0.962337340586264,2.17491910268861
5.47,0.00396898092572628,0.96262472623307,2.17750603464266
5.48,0.003933148914951,0.962910588145917,2.18009428369033
5.49,0.00389756617788217,0.963194929279618,2.18268384813959
5.5,0.00386223164281019,0.963477752615758,2.18527472629821
5.51,0.00382714423774333,0.96375906116257,2.18786691647372
5.52,0.00379230289044252,0.964038857954783,2.19046041697347
5.53,0.00375770652845386,0.964317146053493,2.19305522610461
5.54,0.00372335407914293,0.964593928546015,2.19565134217409
5.55,0.00368924446972796,0.964869208545745,2.19824876348871
5.56,0.00365537662731374,0.965142989192011,2.20084748835509
5.57,0.0036217494789248,0.965415273649935,2.2034475150797
5.58,0.00358836195153911,0.965686065110275,2.20604884196886
5.59,0.00355521297212102,0.965955366789293,2.20865146732875
5.6,0.00352230146765509,0.966223181928589,2.21125538946544
5.61,0.00348962636517958,0.966489513794962,2.21386060668486
5.62,0.00345718659181893,0.966754365680251,2.21646711729284
5.63,0.00342498107481781,0.967017740901187,2.21907491959511
5.64,0.00339300874157378,0.967279642799233,2.22168401189732
5.65,0.00336126851967067,0.967540074740433,2.22429439250501
5.66,0.00332975933691138,0.967799040115251,2.22690605972368
5.67,0.00329848012135125,0.968056542338413,2.22951901185875
5.68,0.00326742980133066,0.968312584848751,2.23213324721559
5.69,0.00323660730550812,0.968567171109035,2.23474876409952
5.7,0.00320601156289302,0.968820304605817,2.23736556081583
5.71,0.00317564150287841,0.969071988849261,2.23998363566978
5.72,0.00314549605527337,0.969322227372989,2.24260298696663
5.73,0.00311557415033648,0.969571023733897,2.24522361301159
5.74,0.00308587471880706,0.969818381512009,2.24784551210992
5.75,0.00305639669193902,0.970064304310291,2.25046868256685
5.76,0.00302713900153229,0.970308795754489,2.25309312268765
5.77,0.00299810057996519,0.97055185949296,2.25571883077762
5.78,0.00296928036022748,0.970793499196492,2.25834580514208
5.79,0.00294067727595149,0.97103371855814,2.26097404408639
5.8,0.00291229026144468,0.971272521293046,2.26360354591601
5.81,0.00288411825172163,0.971509911138263,2.2662343089364
5.82,0.00285616018253609,0.971745891852581,2.26886633145313
5.83,0.00282841499041209,0.971980467216347,2.27149961177184
5.84,0.00280088161267655,0.972213641031288,2.27413414819827
5.85,0.0027735589874901,0.97244541712033,2.27676993903824
5.86,0.0027464460538793,0.972675799327415,2.27940698259769
5.87,0.00271954175176758,0.972904791517322,2.28204527718266
5.88,0.0026928450220064,0.973132397575483,2.28468482109934
5.89,0.00266635480640731,0.973358621407796,2.28732561265403
5.9,0.00264007004777222,0.973583466940441,2.28996765015317
5.91,0.00261398968992455,0.973806938119696,2.29261093190337
5.92,0.00258811267774062,0.974029038911746,2.29525545621137
5.93,0.00256243795717992,0.974249773302498,2.29790122138411
5.94,0.00253696447531604,0.974469145297386,2.30054822572869
5.95,0.00251169118036709,0.974687158921188,2.30319646755237
5.96,0.00248661702172648,0.974903818217828,2.30584594516264
5.97,0.00246174094999263,0.975119127250189,2.30849665686717
5.98,0.00243706191699977,0.975333090099917,2.31114860097384
5.99,0.002412578875848,0.975545710867222,2.31380177579076
6,0.00238829078093283,0.975756993670694,2.31645617962626
6.01,0.00236419658797526,0.9759669426471,2.31911181078889
6.02,0.00234029525405177,0.976175561951185,2.32176866758746
6.03,0.00231658573762339,0.976382855755479,2.32442674833102
6.04,0.00229306699856568,0.976588828250095,2.32708605132889
6.05,0.00226973799819763,0.976793483642535,2.32974657489065
6.06,0.00224659769931113,0.976996826157481,2.33240831732615
6.07,0.00222364506619988,0.977198860036601,2.33507127694553
6.08,0.00220087906468847,0.977399589538345,2.33773545205924
6.09,0.0021782986621609,0.977599018937741,2.34040084097799
6.1,0.00215590282758948,0.977797152526193,2.34306744201283
6.11,0.00213369053156331,0.977993994611276,2.34573525347511
6.12,0.00211166074631641,0.978189549516531,2.34840427367653
6.13,0.00208981244575612,0.97838382158126,2.35107450092907
6.14,0.00206814460549132,0.978576815160318,2.35374593354511
6.15,0.00204665620285971,0.97876853462391,2.35641856983735
6.16,0.00202534621695638,0.978958984357376,2.35909240811883
6.17,0.00200421362866088,0.979148168760989,2.36176744670298
6.18,0.00198325742066485,0.979336092249744,2.3644436839036
6.19,0.00196247657749926,0.979522759253147,2.36712111803486
6.2,0.00194187008556168,0.979708174215005,2.36979974741132
6.21,0.00192143693314306,0.979892341593214,2.37247957034794
6.22,0.00190117611045471,0.980075265859552,2.37516058516008
6.23,0.00188108660965491,0.98025695149946,2.37784279016351
6.24,0.00186116742487541,0.980437403011836,2.38052618367441
6.25,0.00184141755224743,0.980616624908817,2.38321076400942
6.26,0.00182183598992869,0.980794621715566,2.38589652948558
6.27,0.00180242173812817,0.98097139797006,2.38858347842038
6.28,0.00178317379913329,0.98114695822287,2.39127160913176
6.29,0.00176409117733412,0.981321307036957,2.39396091993814
6.3,0.00174517287925025,0.981494448987438,2.39665140915838
6.31,0.00172641791355488,0.981666388661389,2.39934307511181
6.32,0.00170782529110092,0.981837130657614,2.40203591611825
6.33,0.00168939402494528,0.982006679586436,2.40472993049801
6.34,0.00167112313037376,0.982175040069479,2.40742511657189
6.35,0.00165301162492582,0.982342216739445,2.41012147266119
6.36,0.00163505852841905,0.982508214239899,2.41281899708774
6.37,0.00161726286297303,0.982673037225051,2.41551768817385
6.38,0.00159962365303357,0.98283669035954,2.4182175442424
6.39,0.00158213992539658,0.982999178318206,2.42091856361676
6.4,0.00156481070923165,0.98316050578588,2.42362074462086
6.41,0.00154763503610555,0.983320677457158,2.42632408557918
6.42,0.0015306119400057,0.983479698036182,2.42902858481676
6.43,0.00151374045736274,0.983637572236425,2.43173424065917
6.44,0.00149701962707405,0.983794304780461,2.43444105143258
6.45,0.00148044849052609,0.983949900399753,2.43714901546373
6.46,0.00146402609161689,0.984104363834427,2.43985813107993
6.47,0.00144775147677834,0.984257699833054,2.4425683966091
6.48,0.00143162369499872,0.984409913152425,2.44527981037974
6.49,0.00141564179784415,0.984561008557331,2.44799237072095
6.5,0.00139980483948021,0.984710990820348,2.45070607596247
6.51,0.00138411187669407,0.984859864721601,2.45342092443464
6.52,0.00136856196891511,0.985007635048559,2.45613691446841
6.53,0.00135315417823645,0.985154306595798,2.4588540443954
6.54,0.00133788756943576,0.98529988416479,2.46157231254784
6.55,0.00132276120999575,0.985444372563677,2.46429171725861
6.56,0.00130777417012506,0.985587776607047,2.46701225686127
6.57,0.00129292552277804,0.985730101115717,2.46973392969
6.58,0.00127821434367537,0.985871350916504,2.47245673407967
6.59,0.00126363971132337,0.986011530842013,2.47518066836583
6.6,0.00124920070703405,0.986150645730405,2.4779057308847
6.61,0.00123489641494434,0.986288700425181,2.48063191997319
6.62,0.00122072592203537,0.986425699774961,2.48335923396891
6.63,0.00120668831815152,0.986561648633257,2.48608767121016
6.64,0.0011927826960193,0.986696551858256,2.48881723003596
6.65,0.00117900815126559,0.986830414312599,2.49154790878604
6.66,0.00116536378243626,0.986963240863158,2.49427970580085
6.67,0.00115184869101459,0.987095036380811,2.49701261942157
6.68,0.00113846198143852,0.987225805740231,2.49974664799011
6.69,0.00112520276111883,0.987355553819658,2.50248178984914
6.7,0.00111207014045667,0.987484285500679,2.50521804334205
6.71,0.00109906323286069,0.987612005668008,2.507955406813
6.72,0.00108618115476378,0.987738719209272,2.51069387860691
6.73,0.00107342302564051,0.987864431014782,2.51343345706947
6.74,0.00106078796802345,0.987989145977321,2.51617414054714
6.75,0.00104827510751937,0.988112868991919,2.51891592738716
6.76,0.00103588357282569,0.988235604955639,2.52165881593757
6.77,0.00102361249574601,0.988357358767361,2.52440280454717
6.78,0.00101146101120653,0.988478135327552,2.52714789156559
6.79,0.000999428257270729,0.988597939538064,2.52989407534327
6.8,0.000987513375155125,0.988716776301905,2.53264135423143
6.81,0.000975715509244135,0.988834650523027,2.53538972658213
6.82,0.000964033807104969,0.98895156710611,2.53813919074827
6.83,0.000952467419502057,0.989067530956343,2.54088974508355
6.84,0.000941015500411368,0.989182546979214,2.54364138794252
6.85,0.000929677207034851,0.98929662008029,2.54639411768058
6.86,0.000918451699813971,0.989409755165002,2.54914793265397
6.87,0.000907338142443592,0.989521957138435,2.55190283121979
6.88,0.000896335701885076,0.989633230905115,2.55465881173601
6.89,0.000885443548380049,0.98974358136879,2.55741587256145
6.9,0.000874660855462617,0.989853013432225,2.56017401205581
6.91,0.000863986799972905,0.989961531996984,2.56293322857968
6.92,0.000853420562068941,0.990069141963224,2.56569352049453
6.93,0.0008429613252392,0.990175848229481,2.56845488616273
6.94,0.000832608276314595,0.990281655692462,2.57121732394752
6.95,0.000822360605480243,0.990386569246836,2.57398083221307
6.96,0.000812217506287238,0.990490593785021,2.57674540932447
6.97,0.000802178175663415,0.990593734196989,2.57951105364768
6.98,0.000792241813925454,0.990695995370038,2.58227776354964
6.99,0.00078240762478865,0.990797382188607,2.58504553739816
7,0.00077267481537846,0.990897899534054,2.58781437356203
7.01,0.000763042596240271,0.990997552284464,2.59058427041096
7.02,0.000753510181350059,0.991096345314433,2.59335522631559
7.03,0.000744076788123826,0.991194283494874,2.59612723964753
7.04,0.000734741637427927,0.991291371692809,2.59890030877935
7.05,0.000725503953587947,0.991387614771169,2.60167443208457
7.06,0.000716362964398254,0.991483017588594,2.60444960793768
7.07,0.000707317901130988,0.991577584999233,2.60722583471413
7.08,0.000698367998544835,0.991671321852541,2.61000311079038
7.09,0.000689512494893463,0.991764232993086,2.61278143454384
7.1,0.000680750631934068,0.991856323260346,2.61556080435294
7.11,0.000672081654934931,0.99194759748852,2.61834121859708
7.12,0.000663504812683957,0.992038060506326,2.62112267565669
7.13,0.00065501935749579,0.992127717136806,2.62390517391316
7.14,0.000646624545219465,0.992216572197136,2.62668871174895
7.15,0.000638319635245077,0.992304630498436,2.62947328754748
7.16,0.000630103890511324,0.99239189684557,2.63225889969324
7.17,0.000621976577511951,0.992478376036959,2.63504554657171
7.18,0.000613936966302076,0.992564072864393,2.63783322656944
7.19,0.000605984330504183,0.992648992112844,2.64062193807399
7.2,0.000598117947314791,0.992733138560271,2.64341167947396
7.21,0.000590337097509663,0.992816516977439,2.64620244915904
7.22,0.000582641065449474,0.992899132127736,2.64899424551992
7.23,0.000575029139085137,0.992980988766979,2.65178706694839
7.24,0.00056750060996269,0.993062091643242,2.65458091183729
7.25,0.000560054773228402,0.993142445496668,2.65737577858053
7.26,0.000552690927633437,0.993222055059282,2.6601716655731
7.27,0.000545408375537626,0.993300925054827,2.66296857121106
7.28,0.000538206422914356,0.99337906019857,2.66576649389156
7.29,0.000531084379354008,0.99345646519713,2.66856543201285
7.3,0.000524041558067956,0.993533144748305,2.67136538397426
7.31,0.000517077275891675,0.99360910354089,2.67416634817623
7.32,0.000510190853288517,0.993684346254509,2.67696832302031
7.33,0.00050338161435215,0.993758877559437,2.67977130690915
7.34,0.000496648886809559,0.993832702116435,2.68257529824651
7.35,0.000489992002023931,0.993905824576573,2.6853802954373
7.36,0.000483410294996545,0.993978249581064,2.68818629688751
7.37,0.000476903104369208,0.994049981761096,2.69099330100431
7.38,0.000470469772425708,0.994121025737669,2.69380130619596
7.39,0.000464109645094246,0.99419138612142,2.69661031087189
7.4,0.000457822071948222,0.99426106751247,2.69942031344266
7.41,0.000451606406207783,0.994330074500255,2.70223131231999
7.42,0.000445462004740715,0.994398411663368,2.70504330591674
7.43,0.000439388228063331,0.994466083569395,2.70785629264694
7.44,0.000433384440341134,0.99453309477476,2.71067027092577
7.45,0.000427450009388819,0.99459944982457,2.71348523916961
7.46,0.000421584306670941,0.994665153252452,2.71630119579597
7.47,0.000415786707301358,0.994730209580406,2.71911813922357
7.48,0.000410056590043562,0.994794623318643,2.7219360678723
7.49,0.000404393337309461,0.994858398965445,2.72475498016324
7.5,0.000398796335159157,0.994921541007004,2.72757487451865
7.51,0.000393264973299945,0.994984053917282,2.73039574936199
7.52,0.000387798645085091,0.995045942157855,2.73321760311794
7.53,0.000382396747512503,0.995107210177776,2.73604043421236
7.54,0.000377058681223508,0.995167862413422,2.73886424107233
7.55,0.000371783850500629,0.995227903288357,2.74168902212615
7.56,0.000366571663265924,0.995287337213187,2.74451477580332
7.57,0.000361421531078654,0.995346168585423,2.74734150053457
7.58,0.000356332869133169,0.995404401789341,2.75016919475187
7.59,0.000351305096256027,0.995462041195842,2.7529978568884
7.6,0.000346337634903549,0.995519091162323,2.7558274853786
7.61,0.000341429911158708,0.995575556032533,2.75865807865813
7.62,0.000336581354727694,0.995631440136452,2.76148963516389
7.63,0.00033179139893702,0.995686747790154,2.76432215333405
7.64,0.000327059480729863,0.995741483295672,2.76715563160802
7.65,0.000322385040661732,0.995795650940884,2.76999006842647
7.66,0.000317767522897472,0.995849254999373,2.77282546223131
7.67,0.000313206375206265,0.995902299730309,2.77566181146576
7.68,0.00030870104895786,0.995954789378323,2.77849911457426
7.69,0.000304250999117461,0.996006728173392,2.78133737000256
7.7,0.000299855684241845,0.996058120330707,2.78417657619767
7.71,0.000295514566473698,0.996108970050563,2.78701673160789
7.72,0.000291227111536618,0.996159281518244,2.78985783468279
7.73,0.000286992788730456,0.996209058903897,2.79269988387324
7.74,0.000282811070924982,0.996258306362429,2.7955428776314
7.75,0.000278681434554895,0.99630702803339,2.79838681441075
7.76,0.000274603359613601,0.996355228040863,2.80123169266603
7.77,0.000270576329647443,0.996402910493355,2.80407751085332
7.78,0.000266599831749481,0.996450079483688,2.80692426742999
7.79,0.000262673356552945,0.996496739088899,2.80977196085474
7.8,0.000258796398224792,0.996542893370128,2.81262058958756
7.81,0.000254968454458937,0.996588546372524,2.81547015208978
7.82,0.000251189026469811,0.996633702125134,2.81832064682406
7.83,0.00024745761898437,0.996678364640816,2.82117207225438
7.84,0.000243773740235764,0.99672253791613,2.82402442684605
7.85,0.000240136901955457,0.99676622593125,2.8268777090657
7.86,0.000236546619365785,0.996809432649867,2.82973191738134
7.87,0.000233002411172079,0.996852162019095,2.8325870502623
7.88,0.00022950379955522,0.996894417969382,2.83544310617924
7.89,0.000226050310162873,0.996936204414421,2.8383000836042
7.9,0.000222641472101825,0.996977525251062,2.84115798101055
7.91,0.000219276817929326,0.997018384359224,2.84401679687305
7.92,0.000215955883644758,0.997058785601815,2.84687652966778
7.93,0.00021267820868065,0.997098732824644,2.84973717787221
7.94,0.000209443335894122,0.997138229856345,2.85259873996518
7.95,0.000206250811557562,0.997177280508296,2.8554612144269
7.96,0.000203100185349747,0.99721588857454,2.85832459973894
7.97,0.000199991010346512,0.997254057831711,2.86118889438426
7.98,0.000196922843010983,0.997291792038959,2.86405409684721
7.99,0.000193895243184361,0.997329094937877,2.86692020561351
8,0.000190907774076043,0.99736597025243,2.86978721917029
